Id,Year_Birth,Education,Marital_Status,Income,Kidhome,Teenhome,Dt_Customer,Recency,MntWines,Response
1826,1970,Graduation,Divorced,84835,0,0,6/16/2014,0,189,1
1,1961,Graduation,Single,57091,0,0,6/15/2014,0,464,1
10476,1958,Graduation,Married,67267,0,1,5/13/2014,0,134,0
1386,1967,Graduation,Together,32474,1,1,11-05-2014,0,10,0
5371,1989,Graduation,Single,21474,1,0,08-04-2014,0,6,1
7348,1958,PhD,Single,71691,0,0,3/17/2014,0,336,1
4073,1954,2n Cycle,Married,63564,0,0,1/29/2014,0,769,1
1991,1967,Graduation,Together,44931,0,1,1/18/2014,0,78,0
4047,1954,PhD,Married,65324,0,1,11-01-2014,0,384,0
9477,1954,PhD,Married,65324,0,1,11-01-2014,0,384,0
2079,1947,2n Cycle,Married,81044,0,0,12/27/2013,0,450,0
5642,1979,Master,Together,62499,1,0,09-12-2013,0,140,0
10530,1959,PhD,Widow,67786,0,0,07-12-2013,0,431,1
2964,1981,Graduation,Married,26872,0,0,10/16/2013,0,3,0
10311,1969,Graduation,Married,4428,0,1,05-10-2013,0,16,0
837,1977,Graduation,Married,54809,1,1,11-09-2013,0,63,0
10521,1977,Graduation,Married,54809,1,1,11-09-2013,0,63,1
10175,1958,PhD,Divorced,32173,0,1,01-08-2013,0,18,0
1473,1960,2n Cycle,Single,47823,0,1,7/23/2013,0,53,0
2795,1958,Master,Single,30523,2,1,01-07-2013,0,5,0
2285,1954,Master,Together,36634,0,1,5/28/2013,0,213,0
115,1966,Master,Single,43456,0,1,3/26/2013,0,275,0
10470,1979,Master,Married,40662,1,0,3/15/2013,0,40,0
4065,1976,PhD,Married,49544,1,0,12-02-2013,0,308,0
10968,1969,Graduation,Single,57731,0,1,11/23/2012,0,266,0
5985,1965,Master,Single,33168,0,1,10/13/2012,0,80,0
5430,1956,Graduation,Together,54450,1,1,9/14/2012,0,454,0
8432,1956,Graduation,Together,54450,1,1,9/14/2012,0,454,0
453,1956,PhD,Widow,35340,1,1,6/29/2014,1,27,0
9687,1975,Graduation,Single,73170,0,0,5/31/2014,1,184,0
8890,1971,PhD,Divorced,65808,1,1,5/30/2014,1,155,0
9264,1986,Graduation,Married,79529,0,0,4/27/2014,1,423,0
5824,1972,PhD,Together,34578,2,1,11-04-2014,1,7,0
5794,1974,PhD,Married,46374,0,1,3/17/2014,1,408,1
3068,1990,Graduation,Married,18351,0,0,10/29/2013,1,1,0
7962,1987,PhD,Single,95169,0,0,09-10-2013,1,1285,1
2681,1984,2n Cycle,Married,65370,0,0,01-08-2013,1,71,0
10141,1960,Master,Divorced,39228,0,0,10-05-2013,1,7,0
3725,1961,PhD,Single,84865,0,0,09-05-2013,1,1248,1
3767,1968,Graduation,Married,61314,0,1,4/25/2013,1,378,0
5585,1972,Graduation,Single,21359,1,0,4/20/2013,1,12,1
7030,1955,PhD,Married,66465,0,1,3/30/2013,1,1200,0
1524,1983,2n Cycle,Single,81698,0,0,01-03-2013,1,709,1
3657,1986,Graduation,Single,39146,1,0,2/14/2013,1,94,0
5740,1970,2n Cycle,Divorced,25959,1,1,2/14/2013,1,4,1
9595,1961,Graduation,Together,64260,0,0,11-01-2013,1,539,1
3158,1973,Graduation,Married,32300,1,0,03-01-2013,1,13,0
5114,1965,Master,Married,74806,0,1,12/19/2012,1,670,0
340,1970,Graduation,Divorced,72967,0,1,12/15/2012,1,158,1
8805,1960,Graduation,Single,48904,0,1,02-12-2012,1,283,0
1241,1984,2n Cycle,Married,14796,1,0,9/17/2012,1,13,1
1402,1954,Master,Married,66991,0,0,11-09-2012,1,496,0
7264,1978,2n Cycle,Single,52195,2,1,12-05-2014,2,12,0
1619,1956,Graduation,Married,90369,0,0,4/28/2014,2,292,1
6398,1974,Basic,Married,18393,1,0,3/29/2014,2,7,0
1857,1952,Graduation,Single,47139,1,1,06-03-2014,2,46,1
4877,1973,Master,Married,38576,0,1,04-03-2014,2,34,0
3066,1975,PhD,Together,61905,0,1,04-02-2014,2,167,0
10286,1962,Graduation,Married,83715,0,0,03-02-2014,2,318,0
1992,1964,Graduation,Married,60597,0,1,01-01-2014,2,522,1
4246,1982,Master,Single,6560,0,0,12-12-2013,2,67,0
10623,1961,Master,Together,48330,0,1,11/15/2013,2,28,0
4867,1968,PhD,Single,38236,1,1,9/20/2013,2,58,0
3112,1977,Master,Married,22701,1,0,05-09-2013,2,2,0
4865,1974,Master,Divorced,53367,1,1,8/31/2013,2,229,1
6287,1986,Graduation,Together,34728,1,0,7/30/2013,2,14,1
4405,1956,Master,Married,63915,0,2,7/30/2013,2,622,0
5332,1960,2n Cycle,Married,82504,0,0,7/27/2013,2,362,0
1519,1972,PhD,Single,38578,1,1,6/22/2013,2,38,1
9080,1972,PhD,Single,38578,1,1,6/22/2013,2,38,0
1772,1975,PhD,Married,79174,0,0,11-01-2013,2,1074,1
5341,1962,2n Cycle,Divorced,81975,0,1,05-01-2013,2,983,0
5510,1977,Master,Married,43263,0,1,11/21/2012,2,262,0
3887,1970,Graduation,Single,27242,1,0,11-11-2012,2,3,1
7022,1971,Graduation,Married,76445,1,0,9/28/2012,2,739,0
9999,1965,Graduation,Together,75276,0,0,9/27/2012,2,610,0
10352,1963,Graduation,Widow,34213,1,1,07-09-2012,2,50,1
7919,1976,PhD,Together,72335,0,0,8/13/2012,2,1285,1
4114,1964,Master,Married,79143,0,0,11-08-2012,2,650,0
7990,1947,Graduation,Married,27469,0,0,02-08-2012,2,9,0
9888,1969,Graduation,Together,68695,0,0,6/25/2014,3,458,0
4399,1969,Graduation,Together,68695,0,0,6/25/2014,3,458,0
4452,1957,Graduation,Single,50388,0,1,5/28/2014,3,292,1
4785,1970,PhD,Together,77622,0,2,4/14/2014,3,520,0
8461,1962,Graduation,Divorced,46102,2,1,10-03-2014,3,14,0
3878,1980,2n Cycle,Single,31859,1,0,2/27/2014,3,3,0
9612,1987,2n Cycle,Single,23830,0,0,07-02-2014,3,1,0
4098,1973,Graduation,Married,24639,1,1,1/28/2014,3,20,0
158,1945,PhD,Together,71604,0,0,11/17/2013,3,345,1
3896,1984,Graduation,Married,27255,1,0,07-11-2013,3,22,0
9970,1977,Graduation,Together,55375,0,1,10/17/2013,3,42,0
4002,1960,PhD,Married,77037,0,1,10/13/2013,3,463,0
10914,1970,Graduation,Single,24163,1,1,12-10-2013,3,4,0
7279,1969,PhD,Together,69476,0,0,9/30/2013,3,260,0
10582,1979,Graduation,Married,72063,0,1,03-07-2013,3,180,0
4470,1962,Master,Married,58646,0,1,10-06-2013,3,62,0
6183,1962,Master,Married,58646,0,1,10-06-2013,3,62,0
6379,1949,Master,Widow,47570,1,1,5/29/2013,3,67,1
8601,1980,Graduation,Married,80011,0,1,4/29/2013,3,421,0
4827,1956,PhD,Single,54998,0,1,10-03-2013,3,154,1
6715,1948,PhD,Single,60200,0,1,02-01-2013,3,502,0
10676,1982,Graduation,Married,63211,0,0,02-11-2012,3,145,1
1041,1973,PhD,Single,48432,0,1,10/18/2012,3,322,1
492,1973,PhD,YOLO,48432,0,1,10/18/2012,3,322,0
11133,1973,PhD,YOLO,48432,0,1,10/18/2012,3,322,1
4491,1949,Master,Married,62845,1,1,01-10-2012,3,1099,0
873,1949,Master,Married,62845,1,1,01-10-2012,3,1099,1
1631,1965,PhD,Together,65220,0,0,03-09-2012,3,890,1
8278,1990,PhD,Married,74214,0,0,8/26/2012,3,863,0
6815,1980,2n Cycle,Married,96547,0,0,5/23/2014,4,448,1
254,1955,Graduation,Together,53863,0,1,5/17/2014,4,399,0
1349,1970,Graduation,Married,50447,2,0,4/21/2014,4,85,0
2534,1953,Graduation,Married,37716,0,1,4/21/2014,4,97,0
2130,1982,Graduation,Together,45203,2,0,3/23/2014,4,35,1
2296,1975,Master,Married,37368,1,0,12/16/2013,4,3,0
3799,1955,Graduation,Married,67225,0,1,11/26/2013,4,315,0
11084,1976,Master,Together,65104,0,1,11/14/2013,4,738,1
5172,1976,Master,Together,65104,0,1,11/14/2013,4,738,0
9504,1949,Master,Married,81698,0,0,06-11-2013,4,179,1
850,1968,Graduation,Single,70566,0,1,06-10-2013,4,381,0
4477,1958,Graduation,Together,69096,0,1,9/27/2013,4,247,0
1945,1962,Graduation,Married,71434,0,1,9/18/2013,4,711,0
7685,1978,Graduation,Married,33039,1,0,09-09-2013,4,30,0
6310,1978,Graduation,Married,33039,1,0,09-09-2013,4,30,0
10832,1958,Graduation,Together,46610,0,0,7/18/2013,4,288,0
3025,1958,Graduation,Single,49967,0,1,08-07-2013,4,212,0
2404,1976,Graduation,Married,53359,1,1,5/27/2013,4,173,0
8581,1971,Master,Married,49505,1,1,05-03-2013,4,604,0
8755,1946,Master,Married,68657,0,0,2/20/2013,4,482,0
10177,1954,Graduation,Divorced,72071,0,1,2/14/2013,4,531,0
2429,1954,Graduation,Divorced,72071,0,1,2/14/2013,4,531,0
8920,1967,Master,Single,59235,1,0,12-01-2013,4,448,0
8430,1957,Graduation,Together,21994,0,1,12/24/2012,4,9,0
8619,1957,Graduation,Together,21994,0,1,12/24/2012,4,9,0
8996,1957,PhD,Married,,2,1,11/19/2012,4,230,0
7233,1972,Graduation,Married,69209,0,0,9/17/2012,4,496,0
6678,1989,Graduation,Together,31928,1,0,3/28/2014,5,33,0
830,1987,PhD,Single,74004,0,0,2/24/2014,5,784,1
6365,1987,2n Cycle,Married,30390,0,0,02-09-2013,5,10,0
6770,1985,Graduation,Married,21355,1,0,8/20/2013,5,5,1
2261,1969,Graduation,Married,26304,1,0,6/23/2013,5,4,0
1031,1989,2n Cycle,Married,85710,0,0,05-05-2013,5,600,0
10089,1974,Graduation,Divorced,102692,0,0,05-04-2013,5,168,1
9256,1971,Graduation,Single,58350,0,1,04-01-2013,5,493,0
10641,1978,Graduation,Single,7500,1,1,12/27/2012,5,6,0
624,1984,Master,Single,18890,0,0,10-11-2012,5,6,1
4211,1986,Basic,Married,20425,1,0,10/29/2012,5,4,0
1407,1986,Basic,Married,20425,1,0,10/29/2012,5,4,0
10356,1957,PhD,Divorced,41437,1,1,9/22/2012,5,29,0
9323,1949,Master,Together,49912,0,1,07-09-2012,5,520,1
1146,1949,Master,Together,49912,0,1,07-09-2012,5,520,1
6343,1959,Graduation,Married,79823,0,1,3/31/2014,6,835,0
8545,1954,Graduation,Divorced,85683,0,0,3/21/2014,6,1296,1
8275,1965,PhD,Divorced,47025,1,1,09-02-2014,6,16,0
10673,1976,PhD,Married,68397,0,1,11/17/2013,6,760,0
8799,1984,PhD,Married,38175,1,0,9/23/2013,6,70,0
67,1972,Master,Single,46423,1,1,9/18/2013,6,68,0
9923,1972,Master,Single,46423,1,1,9/18/2013,6,68,0
2814,1976,Master,Together,30560,1,0,6/27/2013,6,9,0
2711,1976,Master,Together,30560,1,0,6/27/2013,6,9,0
4320,1979,Graduation,Single,60152,0,1,3/28/2013,6,325,0
10451,1965,Graduation,Together,29672,1,1,12-03-2013,6,9,0
4198,1965,Graduation,Together,29672,1,1,12-03-2013,6,9,0
10814,1947,Graduation,Together,70321,0,0,1/16/2013,6,303,1
944,1962,Graduation,Married,56181,0,1,08-01-2013,6,121,0
8151,1990,Basic,Married,24279,0,0,12/29/2012,6,16,0
6184,1969,PhD,Married,68462,0,0,12-12-2012,6,561,0
3498,1976,PhD,Married,55424,0,1,11/25/2012,6,462,1
2870,1973,Graduation,Married,49094,0,1,9/21/2012,6,376,0
7342,1961,2n Cycle,Widow,59184,0,1,09-09-2012,6,341,0
1911,1987,Graduation,Together,67430,0,0,05-09-2012,6,595,0
10862,1960,Master,Married,30522,0,1,8/17/2012,6,179,0
2546,1977,2n Cycle,Single,31878,0,1,6/22/2014,7,23,0
3005,1992,Graduation,Single,83528,0,0,01-05-2014,7,530,1
8318,1979,Graduation,Together,90300,0,0,03-01-2014,7,594,0
2930,1978,Master,Single,68092,0,0,12/16/2013,7,852,0
8216,1972,Master,Married,53761,1,1,11-10-2013,7,158,0
1212,1973,Graduation,Married,52845,1,0,8/13/2013,7,384,0
2541,1976,Graduation,Married,24027,1,0,09-06-2013,7,14,0
10659,1979,2n Cycle,Together,7500,1,0,07-05-2013,7,2,0
10905,1955,Graduation,Together,42586,1,1,10/29/2012,7,194,1
8910,1955,Graduation,Together,42586,1,1,10/29/2012,7,194,1
7349,1973,Basic,Together,9722,1,0,02-10-2012,7,6,1
7872,1975,PhD,Married,86836,0,0,12-09-2012,7,179,1
4290,1972,Graduation,Married,30467,1,0,3/19/2014,8,1,0
7408,1952,PhD,Married,54549,0,1,03-03-2014,8,216,0
9986,1982,Graduation,Together,19444,1,0,2/22/2014,8,16,1
8235,1956,Master,Together,69245,0,1,1/24/2014,8,428,0
10949,1963,PhD,Divorced,72968,0,0,12/16/2013,8,1092,1
7284,1953,Graduation,Married,48686,1,2,04-12-2013,8,10,0
9529,1990,Graduation,Married,73687,0,0,11/28/2013,8,559,1
9930,1944,PhD,Single,82716,0,0,05-11-2013,8,606,0
10270,1981,2n Cycle,Married,35523,1,0,03-10-2013,8,11,0
760,1975,PhD,Divorced,60554,1,0,09-08-2013,8,588,0
5519,1956,Graduation,Together,64090,0,1,07-08-2013,8,316,1
232,1965,Graduation,Single,61559,0,1,7/17/2013,8,279,0
3009,1962,PhD,Widow,71670,0,0,09-07-2013,8,1462,1
6518,1951,PhD,Widow,67680,0,1,11-06-2013,8,546,0
10669,1981,Graduation,Married,54386,0,1,5/17/2013,8,277,0
5682,1953,PhD,Single,64108,0,1,3/23/2013,8,948,0
1570,1951,PhD,Together,69702,0,1,2/19/2013,8,664,0
1497,1952,Graduation,Single,47958,0,1,1/19/2013,8,268,0
9723,1960,Graduation,Married,67716,0,1,10-01-2013,8,530,0
7261,1971,Graduation,Together,34600,1,1,01-01-2013,8,199,1
2452,1971,Graduation,Together,34600,1,1,01-01-2013,8,199,1
5621,1969,Graduation,Married,48752,1,1,12-12-2012,8,73,1
10995,1988,2n Cycle,Married,15716,1,0,12-11-2012,8,16,0
7373,1952,PhD,Divorced,46610,0,2,10/29/2012,8,96,1
5331,1977,Graduation,Married,74985,0,0,11-09-2012,8,587,0
263,1945,PhD,Single,45576,0,0,5/28/2014,9,56,1
4619,1945,PhD,Single,113734,0,0,5/28/2014,9,6,0
940,1987,Graduation,Single,57100,1,0,5/18/2014,9,158,0
10084,1972,Graduation,Married,24434,2,0,5/18/2014,9,3,0
6019,1971,PhD,Married,37126,1,0,3/30/2014,9,45,1
1463,1958,Graduation,Single,45160,1,1,3/29/2014,9,8,0
6424,1977,Graduation,Together,33178,1,0,1/30/2014,9,12,0
8233,1950,Master,Widow,64866,0,1,1/26/2014,9,508,0
1515,1975,Master,Together,34176,0,1,1/22/2014,9,11,0
10855,1968,Master,Single,50014,1,0,1/22/2014,9,234,0
10909,1948,Graduation,Married,92344,0,0,1/15/2014,9,992,0
3376,1970,Master,Divorced,55282,1,0,12/13/2013,9,125,0
10232,1963,PhD,Divorced,48799,0,1,05-11-2013,9,174,0
5547,1982,PhD,Married,84169,0,0,07-08-2013,9,1478,1
8362,1982,PhD,Married,84169,0,0,07-08-2013,9,1478,1
3524,1971,Master,Single,39763,1,0,04-08-2013,9,80,1
10095,1975,PhD,Divorced,74165,0,0,01-05-2013,9,1001,0
8897,1965,Graduation,Single,42720,1,1,4/24/2013,9,392,1
466,1944,Graduation,Married,65275,0,0,03-04-2013,9,388,0
11025,1961,Graduation,Married,36443,1,1,03-02-2013,9,65,0
2387,1952,Master,Together,43776,1,1,03-02-2013,9,177,1
1618,1965,Graduation,Together,56046,0,0,02-01-2013,9,577,1
25,1958,Graduation,Married,65148,0,1,11/16/2012,9,460,0
3277,1955,Graduation,Divorced,49431,0,1,03-08-2012,9,219,0
8566,1961,PhD,Together,32583,1,1,6/15/2014,10,5,0
2634,1979,Master,Single,16653,1,0,4/18/2014,10,5,1
8036,1971,2n Cycle,Together,26850,1,1,4/18/2014,10,31,0
8159,1968,Graduation,Married,51287,1,1,01-04-2014,10,117,0
7628,1973,2n Cycle,Married,43050,1,0,3/18/2014,10,30,0
9597,1969,Graduation,Married,73448,0,0,10-02-2014,10,236,0
1384,1992,Basic,Married,17256,1,0,11/23/2013,10,6,0
10150,1961,Graduation,Single,86429,0,0,11/21/2013,10,464,1
3885,1983,PhD,Married,33569,1,0,10/16/2013,10,16,1
11003,1980,2n Cycle,Together,25130,1,0,02-10-2013,10,2,0
8026,1952,Graduation,Married,62998,0,1,9/30/2013,10,120,0
577,1976,2n Cycle,Together,26907,1,1,8/20/2013,10,9,0
8702,1976,2n Cycle,Together,26907,1,1,8/20/2013,10,9,0
5429,1948,PhD,Married,45579,0,1,8/20/2013,10,145,0
977,1957,Graduation,Together,47320,0,1,01-08-2013,10,200,0
2793,1976,PhD,Divorced,70179,0,1,7/21/2013,10,532,0
1071,1976,PhD,Divorced,70179,0,1,7/21/2013,10,532,0
5074,1986,Master,Married,28072,1,0,08-07-2013,10,30,0
2632,1954,Graduation,Married,50501,1,1,6/18/2013,10,297,1
6404,1969,Graduation,Together,58917,1,2,3/24/2013,10,151,0
10240,1949,Graduation,Together,69372,0,0,2/19/2013,10,997,1
2521,1971,Master,Married,35178,1,0,10-01-2013,10,23,1
4301,1971,Master,Married,35178,1,0,10-01-2013,10,23,1
7381,1968,Graduation,Divorced,75693,0,0,06-12-2012,10,797,1
2407,1982,Graduation,Married,69109,0,0,09-11-2012,10,823,1
9064,1982,Graduation,Married,69109,0,0,09-11-2012,10,823,1
5067,1994,Graduation,Together,80134,0,0,2/14/2014,11,966,0
10281,1970,Graduation,Divorced,64713,1,0,07-02-2014,11,180,1
11191,1986,Graduation,Divorced,41411,0,0,07-12-2013,11,37,0
1994,1983,Graduation,Married,,1,0,11/15/2013,11,5,0
2552,1955,PhD,Single,55521,1,2,10/22/2013,11,416,1
6720,1968,Master,Together,43795,0,1,10/16/2013,11,314,1
4557,1970,Graduation,Together,22070,1,0,04-10-2013,11,10,0
1183,1949,Master,Married,36408,1,1,9/21/2013,11,9,0
4186,1950,Graduation,Together,34026,1,1,05-08-2013,11,18,0
1419,1950,Graduation,Together,34026,1,1,05-08-2013,11,18,0
967,1976,Graduation,Married,46049,1,1,7/21/2013,11,342,1
1048,1972,Master,Married,35641,1,0,7/14/2013,11,63,1
9262,1984,2n Cycle,Together,32414,0,0,04-07-2013,11,20,0
3427,1955,PhD,Married,59821,0,1,12-04-2013,11,629,0
5892,1980,Graduation,Married,34968,1,0,10-04-2013,11,158,0
8911,1967,PhD,Married,56320,0,1,08-04-2013,11,201,0
6606,1969,Master,Married,70091,1,0,3/31/2013,11,964,0
2677,1956,Graduation,Together,46097,0,1,3/31/2013,11,72,0
252,1963,PhD,Divorced,41003,0,0,3/17/2013,11,123,0
9860,1959,Graduation,Together,44911,0,1,3/15/2013,11,159,0
1388,1975,Graduation,Single,33249,1,0,2/20/2013,11,6,0
979,1975,Graduation,Single,33249,1,0,2/20/2013,11,6,0
7494,1950,PhD,Divorced,42873,1,1,1/21/2013,11,209,0
10490,1969,PhD,Married,51039,1,1,10-12-2012,11,100,0
3403,1958,PhD,Together,78952,0,1,9/24/2012,11,1170,0
2715,1966,Master,Divorced,29435,1,1,06-08-2012,11,70,1
4828,1954,Graduation,Divorced,79865,0,1,6/18/2014,12,71,0
92,1988,Graduation,Alone,34176,1,0,12-05-2014,12,5,0
3312,1988,Graduation,Single,34176,1,0,12-05-2014,12,5,0
11176,1970,PhD,Together,65968,0,1,12-05-2014,12,376,0
1446,1956,Master,Single,86424,0,0,05-04-2014,12,387,0
9699,1966,Graduation,Divorced,67272,0,1,12/21/2013,12,357,0
9790,1957,Graduation,Single,78499,0,0,11/23/2013,12,912,1
2324,1972,Graduation,Together,77044,0,1,10/27/2013,12,625,0
5080,1993,Graduation,Single,70515,0,0,10/21/2013,12,420,1
4992,1975,Master,Together,17459,1,0,9/19/2013,12,6,1
7849,1970,PhD,Married,80336,0,0,09-09-2013,12,209,0
4808,1956,Graduation,Married,15759,0,0,05-09-2013,12,1,0
10401,1976,2n Cycle,Together,26326,0,0,04-09-2013,12,1,0
7793,1976,Graduation,Together,62061,0,1,8/31/2013,12,641,0
9303,1976,Graduation,Married,5305,0,1,7/30/2013,12,12,0
6853,1982,Master,Single,75777,0,0,04-07-2013,12,712,1
7366,1982,Master,Single,75777,0,0,04-07-2013,12,712,1
9780,1971,Master,Together,71499,0,1,6/25/2013,12,465,0
7573,1978,PhD,Single,31626,1,0,10-05-2013,12,39,1
1379,1992,Master,Together,42670,0,0,4/27/2013,12,154,0
8923,1973,Graduation,Single,83917,0,0,4/18/2013,12,514,1
3547,1969,Master,Together,41021,1,0,12/30/2012,12,14,1
8707,1956,Graduation,Married,79456,0,0,8/22/2012,12,565,1
1891,1980,Master,Divorced,78789,0,0,08-08-2012,12,667,1
6271,1952,PhD,Married,50870,0,1,6/19/2014,13,53,0
9635,1983,Master,Married,35876,0,0,4/20/2014,13,66,0
9727,1957,Graduation,Married,23539,0,0,2/28/2014,13,4,0
6205,1967,Master,Single,32557,1,0,2/24/2014,13,34,1
10681,1970,2n Cycle,Married,62466,0,1,1/15/2014,13,129,0
5156,1970,2n Cycle,Married,62466,0,1,1/15/2014,13,129,0
3050,1966,Graduation,Married,54198,1,1,12/17/2013,13,185,0
8164,1978,PhD,Married,82170,0,0,11/25/2013,13,1023,0
5626,1964,PhD,Single,61798,0,0,11/23/2013,13,338,0
7600,1992,Basic,Single,15253,1,0,10/28/2013,13,1,0
6406,1988,Master,Married,78285,0,0,10/28/2013,13,647,0
7002,1955,Graduation,Single,62535,0,1,03-10-2013,13,163,0
8234,1973,Basic,Together,27190,1,0,8/15/2013,13,1,1
6116,1968,2n Cycle,Married,48985,0,1,05-07-2013,13,19,0
291,1970,Graduation,Married,72940,0,0,6/19/2013,13,182,0
8779,1985,2n Cycle,Married,36145,1,0,6/16/2013,13,56,1
4931,1977,Graduation,Together,157146,0,0,4/29/2013,13,1,0
1650,1960,Master,Married,81843,0,0,4/22/2013,13,779,0
9701,1988,Graduation,Together,41883,1,0,3/19/2013,13,32,0
6431,1964,PhD,Married,45759,1,1,2/23/2013,13,42,0
10789,1964,PhD,Married,45759,1,1,2/23/2013,13,42,0
5302,1986,Graduation,Together,78394,0,0,2/15/2013,13,298,1
4459,1989,Graduation,Single,30279,1,0,12/30/2012,13,10,0
10642,1989,Graduation,Single,30279,1,0,12/30/2012,13,10,0
9213,1970,Graduation,Widow,31880,1,0,10/31/2012,13,4,0
3678,1973,Graduation,Widow,60208,1,1,07-10-2012,13,488,1
3698,1983,Graduation,Together,78687,0,0,09-08-2012,13,817,1
5929,1973,PhD,Married,37401,1,0,06-05-2014,14,19,0
10795,1973,PhD,Married,37401,1,0,06-05-2014,14,19,0
4390,1954,Graduation,Together,75315,0,1,4/15/2014,14,459,0
9362,1965,Graduation,Single,69263,0,1,05-03-2014,14,492,0
1577,1946,Graduation,Married,78569,0,0,2/19/2014,14,558,1
4609,1966,PhD,Married,57705,0,1,11-01-2014,14,383,0
7143,1955,2n Cycle,Together,74805,0,1,06-11-2013,14,209,0
1729,1961,PhD,Together,66426,0,1,02-10-2013,14,1043,0
10664,1949,Master,Widow,51529,0,1,07-09-2013,14,400,0
5029,1946,Graduation,Married,18100,0,0,06-08-2013,14,3,0
10507,1977,2n Cycle,Divorced,59601,0,1,7/25/2013,14,691,0
3865,1977,2n Cycle,Together,20981,0,0,4/30/2013,14,2,1
6982,1976,Graduation,Married,74068,0,0,3/19/2013,14,783,0
7042,1983,Graduation,Married,36790,0,0,01-03-2013,14,3,1
9668,1971,Graduation,Married,18793,1,0,12-01-2013,14,4,0
6878,1954,Graduation,Widow,27421,0,0,12-12-2012,14,43,0
4099,1972,Graduation,Married,30675,1,0,12-11-2012,14,10,0
5031,1974,Graduation,Together,83145,0,0,9/22/2012,14,777,1
1970,1968,Master,Together,34053,0,1,10-09-2012,14,63,0
5726,1983,Master,Single,31788,1,0,3/20/2014,15,16,0
5231,1974,2n Cycle,Married,45894,0,2,2/27/2014,15,27,0
1307,1978,Graduation,Divorced,41986,0,1,09-02-2014,15,27,0
10609,1962,PhD,Married,42769,0,1,12-10-2013,15,71,0
5782,1982,2n Cycle,Together,58582,0,1,9/28/2013,15,402,0
7533,1964,Graduation,Married,49096,1,1,9/24/2013,15,144,0
9493,1980,PhD,Single,76412,0,0,05-05-2013,15,840,1
2253,1990,Graduation,Married,18929,0,0,2/16/2013,15,32,0
2326,1990,Graduation,Married,18929,0,0,2/16/2013,15,32,0
1876,1990,Graduation,Married,18929,0,0,2/16/2013,15,32,0
7141,1986,Master,Single,21888,1,0,12/29/2012,15,88,1
7393,1978,Graduation,Together,41580,1,1,10-12-2012,15,56,0
4713,1979,PhD,Married,31605,1,0,11/22/2012,15,74,0
5093,1974,PhD,Divorced,25509,1,0,9/18/2012,15,40,1
8524,1974,PhD,Divorced,25509,1,0,9/18/2012,15,40,1
3766,1959,Master,Widow,33051,0,0,8/16/2012,15,100,1
9725,1966,PhD,Together,28764,1,1,05-06-2014,16,8,0
8933,1983,2n Cycle,Married,32146,1,0,12-05-2014,16,26,0
10779,1983,Graduation,Single,22148,0,0,4/13/2014,16,15,0
9289,1979,Graduation,Married,36781,1,0,10-04-2014,16,29,1
2613,1960,Master,Married,54197,0,1,03-04-2014,16,162,0
10133,1970,Graduation,Single,93790,0,0,12-02-2014,16,1302,1
8443,1972,Graduation,Single,24762,1,0,10-02-2014,16,6,1
10796,1984,Master,Married,30477,1,0,1/22/2014,16,47,0
10241,1975,2n Cycle,Divorced,11448,0,0,12/15/2013,16,0,0
3388,1967,Graduation,Divorced,70844,1,1,10/30/2013,16,129,0
6507,1980,Graduation,Single,30828,1,0,04-10-2013,16,16,0
7446,1967,Master,Together,62513,0,1,09-09-2013,16,520,0
87,1981,2n Cycle,Married,27733,1,0,8/26/2013,16,0,0
10477,1973,PhD,Together,39435,1,0,06-08-2013,16,71,0
6072,1970,Master,Single,75345,0,0,02-02-2013,16,918,1
2518,1986,2n Cycle,Together,20491,0,0,1/25/2013,16,5,0
247,1971,Graduation,Married,36715,1,0,11/17/2012,16,172,1
9463,1959,Graduation,Together,71706,0,1,11/13/2012,16,931,0
1459,1966,PhD,Married,69063,0,1,07-11-2012,16,666,0
9530,1988,Graduation,Married,24645,1,0,01-11-2012,16,5,0
9653,1975,Graduation,Married,35797,0,1,10/16/2012,16,27,0
10785,1969,Graduation,Married,44078,1,1,6/19/2014,17,24,0
9392,1971,Graduation,Single,26954,1,0,08-05-2014,17,4,0
3769,1972,PhD,Together,,1,0,02-03-2014,17,25,0
10146,1972,PhD,Together,38887,1,0,02-03-2014,17,25,0
4741,1974,2n Cycle,Married,65463,1,0,1/30/2014,17,391,0
1880,1959,PhD,Together,53537,1,1,1/30/2014,17,81,0
6471,1971,Master,Single,36230,1,0,10/17/2013,17,14,0
5718,1950,Graduation,Married,80763,0,0,8/15/2013,17,674,1
3478,1971,PhD,Married,60585,1,1,6/24/2013,17,267,1
7848,1974,Graduation,Single,49166,0,1,6/13/2013,17,224,0
7999,1955,PhD,Together,75261,0,0,4/23/2013,17,1239,1
11101,1991,Graduation,Together,89891,0,0,4/15/2013,17,412,0
9212,1962,Master,Married,72828,0,1,2/14/2013,17,1205,0
10983,1952,Graduation,Together,75278,0,0,1/29/2013,17,304,0
3629,1978,Graduation,Single,38557,1,0,12/19/2012,17,76,0
4673,1963,PhD,Married,81300,0,1,10/30/2012,17,1004,1
796,1965,2n Cycle,Divorced,60161,0,1,10/23/2012,17,584,0
618,1977,PhD,Married,69389,0,1,9/28/2012,17,422,0
380,1954,Graduation,Divorced,64497,0,1,10-09-2012,17,1170,1
1092,1980,Graduation,Married,61014,0,1,11-08-2012,17,269,0
8962,1975,Master,Married,44319,1,1,4/17/2014,18,26,0
8207,1957,2n Cycle,Married,53233,0,1,3/18/2014,18,28,0
6521,1954,Graduation,Together,77972,0,0,3/18/2014,18,613,0
535,1987,Graduation,Divorced,81361,0,0,2/25/2014,18,163,0
4608,1987,Graduation,Divorced,81361,0,0,2/25/2014,18,163,1
11086,1984,Basic,Single,25707,1,0,1/18/2014,18,1,0
1064,1971,PhD,Married,42403,1,0,11-12-2013,18,22,0
7000,1972,2n Cycle,Single,65704,0,0,10/13/2013,18,279,0
1581,1980,Graduation,Married,37406,1,0,10-10-2013,18,2,1
7384,1951,Master,Together,39767,0,0,7/21/2013,18,113,0
10552,1979,2n Cycle,Married,54210,0,1,5/20/2013,18,70,0
6409,1967,Graduation,Divorced,57136,0,0,5/18/2013,18,267,1
9507,1975,Graduation,Married,40794,0,1,07-04-2013,18,261,0
9560,1965,Graduation,Together,83003,0,0,03-03-2013,18,856,1
10991,1960,Master,Married,89058,0,0,07-12-2012,18,454,0
4712,1991,2n Cycle,Together,20193,0,0,11/28/2012,18,8,0
11056,1974,Graduation,Married,72099,0,0,10/27/2012,18,546,0
7414,1971,Graduation,Married,43824,1,1,9/15/2012,18,96,0
3076,1975,Graduation,Together,66653,1,1,07-09-2012,18,452,0
6355,1978,Graduation,Married,44359,1,1,6/17/2014,19,20,0
7959,1961,Graduation,Married,79410,0,0,5/29/2014,19,658,0
5512,1977,Master,Married,55842,0,1,5/23/2014,19,451,0
10102,1966,Graduation,Widow,79946,0,0,12-05-2014,19,395,0
9369,1979,2n Cycle,Single,88194,0,1,3/19/2014,19,688,1
3711,1944,Master,Married,80184,0,0,01-03-2014,19,1035,0
6931,1967,Graduation,Divorced,76982,0,0,2/15/2014,19,464,1
9596,1980,PhD,Single,65295,0,0,12/23/2013,19,365,0
2727,1973,Graduation,Together,57100,0,0,04-12-2013,19,181,0
8416,1981,Graduation,Married,29009,1,0,11/29/2013,19,6,0
3967,1971,PhD,Married,78931,0,0,10/25/2013,19,331,0
2139,1975,Master,Married,7500,1,0,02-10-2013,19,3,0
2162,1976,Graduation,Married,56939,0,1,9/18/2013,19,256,0
9242,1990,Graduation,Single,64509,0,0,8/17/2013,19,836,1
10595,1990,Graduation,Married,30093,0,0,08-07-2013,19,2,0
4855,1974,PhD,Together,30351,1,0,06-06-2013,19,14,1
5049,1974,PhD,Together,30351,1,0,06-06-2013,19,14,0
4967,1960,PhD,Together,38201,0,1,3/29/2013,19,233,0
5255,1986,Graduation,Single,,1,0,2/20/2013,19,5,0
9215,1980,PhD,Married,43974,1,0,12-12-2012,19,378,0
3525,1970,Graduation,Together,38200,1,1,07-12-2012,19,12,0
3619,1960,2n Cycle,Divorced,87305,0,0,9/23/2012,19,345,1
4415,1961,Graduation,Married,16860,1,1,12-09-2012,19,10,0
3645,1972,PhD,Single,27213,1,0,8/30/2012,19,19,1
4692,1976,Graduation,Married,7500,1,0,01-08-2012,19,7,1
3955,1965,Graduation,Divorced,4861,0,0,6/22/2014,20,2,0
5313,1971,Master,Married,38196,1,1,4/18/2014,20,30,0
7196,1950,PhD,Married,41145,1,1,08-02-2014,20,9,0
1381,1982,PhD,Single,38513,1,0,1/28/2014,20,172,1
10951,1968,Graduation,Married,45688,0,1,1/25/2014,20,279,0
4322,1958,PhD,Together,77863,0,0,11/27/2013,20,881,0
7444,1969,Master,Married,42169,1,1,10/19/2013,20,19,0
2942,1964,Graduation,Single,45906,0,1,07-05-2013,20,305,0
2874,1988,2n Cycle,Divorced,35388,1,0,07-03-2013,20,6,0
3667,1969,Graduation,Married,80952,0,0,2/28/2013,20,778,1
3697,1954,Graduation,Together,39898,0,1,12-02-2013,20,69,0
9955,1954,Graduation,Together,39898,0,1,12-02-2013,20,69,0
5320,1973,Master,Divorced,44051,1,1,1/29/2013,20,79,1
6422,1954,Graduation,Married,86718,0,0,1/17/2013,20,344,0
3690,1986,Master,Married,80141,0,0,11-01-2013,20,1184,1
2408,1976,Graduation,Married,58597,1,1,11/20/2012,20,490,0
9260,1945,PhD,Married,70356,0,0,05-11-2012,20,1349,0
9648,1967,Graduation,Single,46904,1,1,03-11-2012,20,153,0
4939,1946,Graduation,Together,37760,0,0,8/31/2012,20,84,0
8652,1946,Graduation,Together,37760,0,0,8/31/2012,20,84,0
4702,1964,Graduation,Single,61839,0,0,12-08-2012,20,1000,0
2587,1972,PhD,Married,29791,1,0,5/15/2014,21,14,0
2811,1963,PhD,Single,48918,1,1,12-04-2014,21,52,0
9150,1963,PhD,Single,48918,1,1,12-04-2014,21,52,0
10127,1965,Graduation,Married,58692,0,1,06-04-2014,21,301,0
5493,1976,Graduation,Married,39356,1,1,3/19/2014,21,15,0
2666,1972,Master,Married,76234,0,1,06-02-2014,21,519,0
10099,1984,Graduation,Married,55434,1,0,05-10-2013,21,238,0
10562,1946,Master,Married,66835,0,0,9/28/2013,21,620,0
7881,1946,Master,Married,66835,0,0,9/28/2013,21,620,0
6721,1951,Graduation,Married,71965,0,1,7/29/2013,21,572,0
5204,1971,Graduation,Together,74538,0,0,6/29/2013,21,380,1
5209,1954,Graduation,Divorced,50002,0,1,6/17/2013,21,443,0
10128,1958,Graduation,Together,53977,0,1,08-06-2013,21,620,0
9284,1958,Graduation,Together,53977,0,1,08-06-2013,21,620,0
8643,1971,Graduation,Together,69930,0,0,5/26/2013,21,252,0
1685,1967,PhD,Together,62981,0,0,3/17/2013,21,796,0
2877,1974,Master,Together,46014,1,1,1/21/2013,21,410,0
8369,1987,Graduation,Together,18227,1,0,08-11-2012,21,1,0
6233,1976,Graduation,Married,65991,0,1,07-09-2012,21,507,0
195,1972,Graduation,Single,38808,1,0,8/26/2012,21,125,1
1501,1982,PhD,Married,160803,0,0,04-08-2012,21,55,0
10846,1978,Master,Married,43783,1,0,5/29/2014,22,327,0
8341,1969,PhD,Married,30396,1,0,4/30/2014,22,15,1
10766,1964,PhD,Married,65526,0,1,11-04-2014,22,397,0
9971,1964,PhD,Married,65526,0,1,11-04-2014,22,397,0
1740,1944,Graduation,Married,55956,0,0,07-04-2014,22,760,0
8737,1978,Graduation,Divorced,55563,0,1,05-04-2014,22,29,0
6466,1965,PhD,Married,57236,1,1,12-03-2014,22,105,0
10430,1973,Graduation,Divorced,89694,1,1,09-10-2013,22,1126,0
8773,1971,Master,Together,57420,0,1,6/25/2013,22,280,0
2371,1972,Graduation,Married,33622,1,1,4/13/2013,22,39,0
7786,1986,PhD,Single,29999,1,0,2/13/2013,22,68,0
4088,1962,PhD,Together,31497,0,1,06-12-2012,22,108,0
4971,1962,PhD,Together,31497,0,1,06-12-2012,22,108,0
10560,1980,PhD,Single,36802,1,0,6/16/2014,23,16,0
6892,1968,Graduation,Divorced,61671,0,1,03-06-2014,23,641,0
11004,1893,2n Cycle,Single,60182,0,1,5/17/2014,23,8,0
1818,1971,PhD,Together,29732,1,0,3/25/2014,23,25,0
9485,1986,PhD,Married,45921,0,0,10-03-2014,23,102,0
6646,1984,Graduation,Together,16529,1,0,01-03-2014,23,3,0
4248,1960,Master,Single,98777,0,0,2/17/2014,23,1000,0
7451,1960,Master,Single,98777,0,0,2/17/2014,23,1000,0
7861,1952,Master,Married,77027,0,1,05-02-2014,23,820,0
5232,1965,Graduation,Married,69139,0,1,1/27/2014,23,86,0
3011,1965,Graduation,Married,69139,0,1,1/27/2014,23,86,0
5758,1982,Graduation,Married,65169,0,0,1/14/2014,23,1074,1
2173,1952,Graduation,Widow,40049,0,1,10/16/2013,23,13,0
10711,1945,Graduation,Married,69755,0,0,02-10-2013,23,217,0
8268,1961,PhD,Married,,0,1,11-07-2013,23,352,0
2782,1961,PhD,Married,54456,0,1,11-07-2013,23,352,0
9432,1977,Graduation,Together,666666,1,0,02-06-2013,23,9,0
5872,1951,Graduation,Single,60689,0,1,01-06-2013,23,240,0
11187,1978,Basic,Single,26487,1,0,5/20/2013,23,2,0
2428,1970,Graduation,Married,28164,1,0,04-05-2013,23,3,0
1726,1970,Graduation,Single,22585,0,0,3/18/2013,23,3,1
1802,1971,Graduation,Married,64795,0,1,1/17/2013,23,412,0
1162,1987,PhD,Single,42000,0,0,10-01-2013,23,124,1
10643,1987,PhD,Single,42000,0,0,10-01-2013,23,124,1
11112,1966,Graduation,Together,70713,0,1,03-12-2012,23,736,0
2114,1946,PhD,Single,82800,0,0,11/24/2012,23,1006,1
4261,1946,PhD,Single,82800,0,0,11/24/2012,23,1006,1
2457,1975,Basic,Married,30801,0,1,10/26/2012,23,8,0
2495,1974,Master,Married,83891,0,1,6/20/2014,24,217,0
6983,1950,Master,Divorced,38054,1,1,01-05-2014,24,23,0
3436,1969,Graduation,Married,14045,1,0,1/26/2014,24,11,0
7505,1957,PhD,Married,44155,1,1,1/19/2014,24,22,0
4286,1970,PhD,Single,57642,0,1,09-01-2014,24,580,0
7224,1977,Graduation,Married,31353,1,1,12/29/2013,24,10,0
6215,1977,Graduation,Married,31353,1,1,12/29/2013,24,10,1
968,1968,Master,Divorced,41335,1,0,12/26/2013,24,112,0
4096,1968,Master,Divorced,41335,1,0,12/26/2013,24,112,0
3153,1957,PhD,Single,40737,2,1,08-12-2013,24,11,0
6504,1975,2n Cycle,Together,19789,1,0,11/20/2013,24,2,0
5329,1949,PhD,Divorced,35946,1,1,9/27/2013,24,8,0
1175,1983,Master,Married,36262,0,0,9/20/2013,24,88,1
1377,1954,Master,Widow,44551,0,1,8/31/2013,24,182,0
4607,1959,Graduation,Together,71367,0,0,8/23/2013,24,227,0
4944,1959,Graduation,Together,71367,0,0,8/23/2013,24,227,0
9483,1959,Graduation,Together,57957,0,1,8/19/2013,24,290,0
1378,1972,2n Cycle,Together,50334,0,1,7/24/2013,24,284,0
5991,1949,Master,Married,48150,0,1,08-06-2013,24,173,0
2807,1969,Graduation,Married,56796,0,1,2/16/2013,24,656,0
1052,1969,Graduation,Married,56796,0,1,2/16/2013,24,656,0
9760,1963,PhD,Widow,52278,0,1,1/25/2013,24,953,1
7101,1963,PhD,Widow,52278,0,1,1/25/2013,24,953,0
9909,1996,2n Cycle,Married,7500,0,0,09-11-2012,24,3,1
5907,1952,Master,Married,33444,1,1,03-11-2012,24,8,0
793,1973,Graduation,Married,20895,1,0,06-10-2012,24,18,0
8832,1976,Master,Together,37509,1,0,12-09-2012,24,37,0
2535,1978,Master,Married,88097,1,0,8/18/2012,24,163,1
1523,1973,Graduation,Married,59041,1,1,07-05-2014,25,69,0
1839,1974,Graduation,Single,43322,0,0,4/21/2014,25,56,0
9972,1955,PhD,Together,46015,1,1,4/13/2014,25,38,0
2945,1955,PhD,Together,46015,1,1,4/13/2014,25,38,0
9291,1959,Master,Married,34242,0,1,3/23/2014,25,8,0
2829,1955,Graduation,Married,65210,0,1,10-03-2014,25,626,0
8594,1958,PhD,Widow,50520,0,1,1/28/2014,25,112,0
1592,1970,Graduation,Married,90765,0,0,1/24/2014,25,547,0
4310,1944,Graduation,Married,80589,0,0,1/22/2014,25,507,1
6950,1958,Master,Married,49572,1,1,12/15/2013,25,35,0
8492,1978,Graduation,Together,75437,0,0,09-11-2013,25,795,0
5684,1971,Master,Divorced,44635,1,1,11-10-2013,25,56,0
5909,1964,Graduation,Married,58512,0,1,9/19/2013,25,895,0
9855,1952,PhD,Single,62000,0,1,8/25/2013,25,899,0
975,1956,Graduation,Single,54252,1,1,5/28/2013,25,178,0
8754,1974,PhD,Together,45068,0,1,5/16/2013,25,14,0
1456,1979,Graduation,Single,60474,0,1,01-04-2013,25,265,0
2849,1979,Graduation,Single,60474,0,1,01-04-2013,25,265,0
9984,1981,2n Cycle,Married,56337,1,1,3/27/2013,25,349,1
5527,1987,Graduation,Together,22434,1,0,2/13/2013,25,4,0
5628,1982,Graduation,Together,61416,0,0,08-02-2013,25,848,0
7627,1975,Master,Married,92163,0,0,12-12-2012,25,817,1
1351,1956,Master,Together,58656,0,1,9/20/2012,25,962,0
10629,1973,2n Cycle,Married,,1,0,9/14/2012,25,25,0
10395,1986,Basic,Single,8940,1,0,8/22/2012,25,1,0
6961,1974,Graduation,Married,26751,2,0,5/22/2014,26,1,0
10196,1978,Graduation,Married,71427,2,0,12-03-2014,26,212,0
6182,1984,Graduation,Together,26646,1,0,10-02-2014,26,11,0
10432,1974,Graduation,Divorced,19346,1,0,1/30/2014,26,2,0
1542,1975,Graduation,Single,56243,1,2,12/30/2013,26,347,0
4220,1970,PhD,Married,59892,0,1,02-11-2013,26,73,0
4141,1965,Graduation,Together,71613,0,0,8/21/2013,26,426,0
1940,1986,Graduation,Married,25252,1,0,12-07-2013,26,1,0
1506,1975,Graduation,Single,42160,1,1,6/28/2013,26,48,1
6347,1979,Basic,Single,15862,1,0,6/27/2013,26,1,0
1361,1974,Master,Married,82584,0,0,04-06-2013,26,1076,1
9422,1989,Graduation,Married,38360,1,0,5/31/2013,26,36,0
1081,1957,PhD,Married,75283,1,2,3/27/2013,26,733,0
7458,1956,Master,Together,34941,1,1,06-03-2013,26,39,0
1012,1952,Graduation,Single,61823,0,1,2/18/2013,26,523,0
5453,1956,Master,Married,90226,0,0,9/26/2012,26,1083,0
6818,1974,Graduation,Married,44989,0,1,12-09-2012,26,98,0
7807,1974,Graduation,Married,44989,0,1,12-09-2012,26,98,0
7532,1980,Graduation,Married,43586,0,1,8/30/2012,26,99,0
8346,1974,Graduation,Single,32233,1,0,8/19/2012,26,138,1
5564,1969,Graduation,Together,62882,0,1,09-08-2012,26,509,0
3267,1963,Master,Together,57288,0,1,6/25/2014,27,527,0
3091,1981,2n Cycle,Together,75774,1,0,02-05-2014,27,340,0
762,1981,2n Cycle,Together,75774,1,0,02-05-2014,27,340,0
8029,1988,Master,Single,90247,0,0,4/29/2014,27,1184,1
4376,1960,2n Cycle,Single,32218,0,0,2/15/2014,27,10,1
10981,1988,Graduation,Married,84219,0,0,02-02-2014,27,434,0
486,1988,Graduation,Married,84219,0,0,02-02-2014,27,434,0
1158,1966,Graduation,Divorced,48877,0,1,05-01-2014,27,102,0
9119,1950,Graduation,Together,60905,0,1,05-12-2013,27,208,0
6694,1964,Graduation,Married,75236,0,1,11/25/2013,27,438,0
10573,1953,Graduation,Divorced,62551,0,0,11/18/2013,27,125,0
10140,1983,PhD,Together,70123,0,0,9/28/2013,27,1308,0
2286,1962,Graduation,Single,50785,1,1,10-09-2013,27,64,0
8420,1970,2n Cycle,Married,15315,0,0,03-08-2013,27,7,0
10065,1970,2n Cycle,Married,15315,0,0,03-08-2013,27,7,0
1029,1970,PhD,Together,64413,0,1,01-08-2013,27,200,0
4207,1981,PhD,Married,87171,0,0,01-05-2013,27,1001,0
10277,1961,Graduation,Single,30081,0,1,2/21/2013,27,36,0
4436,1976,Graduation,Single,20180,0,0,2/20/2013,27,18,0
2929,1976,Graduation,Single,20180,0,0,2/20/2013,27,18,0
6281,1966,Graduation,Divorced,55686,0,1,2/14/2013,27,673,0
10390,1959,2n Cycle,Married,26887,0,1,10-02-2013,27,6,0
2574,1977,PhD,Married,61996,0,1,1/31/2013,27,1050,1
709,1952,Graduation,Divorced,51537,0,1,09-12-2012,27,787,0
5955,1962,Graduation,Together,72025,0,0,11/17/2012,27,833,0
8486,1971,Master,Together,30538,1,0,01-10-2012,27,284,0
10343,1991,2n Cycle,Single,61618,0,0,9/29/2012,27,605,0
6652,1965,Graduation,Married,77343,0,0,09-06-2014,28,227,0
8746,1989,Graduation,Married,75433,1,0,05-04-2014,28,800,0
4686,1962,PhD,Widow,82571,0,0,02-04-2014,28,861,0
3551,1954,Master,Together,60033,0,1,3/29/2014,28,62,0
4338,1983,Graduation,Single,39062,1,0,3/25/2014,28,23,0
4444,1972,Graduation,Married,30023,1,0,3/24/2014,28,11,0
498,1970,Graduation,Single,30015,1,0,02-02-2014,28,25,0
8230,1980,Graduation,Married,33228,1,0,1/23/2014,28,22,0
2826,1967,Graduation,Married,22574,2,1,10/28/2013,28,25,0
6222,1967,Graduation,Married,22574,2,1,10/28/2013,28,25,0
7352,1957,Graduation,Married,55267,0,1,10/21/2013,28,161,0
10928,1958,Graduation,Together,66886,0,1,9/16/2013,28,315,0
10736,1971,Graduation,Single,72258,0,1,12-09-2013,28,522,0
10163,1984,PhD,Single,82733,0,0,10-09-2013,28,712,1
6168,1963,Graduation,Divorced,45146,1,1,7/15/2013,28,33,0
4656,1990,2n Cycle,Single,51250,1,0,3/30/2013,28,342,0
626,1951,Graduation,Married,32871,1,1,09-03-2013,28,22,0
3870,1978,2n Cycle,Together,63855,0,0,09-02-2013,28,359,0
6299,1968,PhD,Divorced,42564,0,1,02-01-2013,28,324,1
7798,1972,2n Cycle,Together,46344,0,1,12/14/2012,28,233,0
9973,1963,Graduation,Married,50437,0,2,10/17/2012,28,370,0
4299,1960,Graduation,Together,70971,0,1,9/21/2012,28,1001,1
10971,1977,Graduation,Single,37774,2,0,03-09-2012,28,173,1
9931,1963,PhD,Married,4023,1,1,6/23/2014,29,5,0
6679,1966,Graduation,Single,33279,0,0,12-06-2014,29,10,0
5961,1978,Graduation,Married,42693,1,0,07-06-2014,29,8,0
6255,1952,Master,Together,70545,0,1,03-06-2014,29,138,0
8614,1957,Graduation,Widow,65486,0,1,12-05-2014,29,245,0
7828,1981,Master,Together,77882,0,0,4/30/2014,29,68,0
1277,1960,Graduation,Together,78468,0,0,09-04-2014,29,434,0
3595,1963,Graduation,Together,77226,0,1,2/28/2014,29,631,0
5735,1991,Master,Single,90638,0,0,2/13/2014,29,1156,0
5350,1991,Master,Single,90638,0,0,2/13/2014,29,1156,1
4137,1948,Graduation,Together,70666,0,0,06-12-2013,29,398,0
6357,1959,2n Cycle,Divorced,59052,0,1,11/17/2013,29,230,0
9316,1952,Basic,Together,13084,0,0,02-11-2013,29,2,0
3578,1949,Graduation,Divorced,49160,0,1,10/20/2013,29,122,0
153,1953,Graduation,Divorced,23272,0,0,10/17/2013,29,19,0
10524,1963,Master,Divorced,49476,0,1,6/20/2013,29,386,0
1518,1965,Master,Married,62694,1,1,6/17/2013,29,379,0
2036,1973,PhD,Together,57906,0,1,11-06-2013,29,243,0
9495,1982,Graduation,Together,71853,0,0,08-05-2013,29,358,0
2631,1982,Graduation,Together,71853,0,0,08-05-2013,29,358,0
6312,1959,Graduation,Married,65031,0,1,3/17/2013,29,258,0
615,1960,Graduation,Together,30507,0,0,11-03-2013,29,65,0
4406,1970,Graduation,Together,67419,0,1,1/16/2013,29,846,0
10061,1950,Graduation,Married,59462,0,1,05-01-2013,29,724,0
10619,1994,Graduation,Single,95529,0,0,03-12-2012,29,770,1
4945,1953,Graduation,Widow,53653,0,0,07-11-2012,29,815,0
1777,1980,Basic,Married,25965,0,0,07-09-2012,29,2,0
4023,1970,Graduation,Married,22979,1,0,06-09-2012,29,16,1
7922,1951,PhD,Single,64950,0,1,12-08-2012,29,819,0
10699,1985,Graduation,Married,44322,1,0,6/16/2014,30,46,0
7516,1983,Graduation,Married,30096,1,0,5/22/2014,30,5,0
3129,1983,Graduation,Married,30096,1,0,5/22/2014,30,5,0
5121,1977,Graduation,Single,56628,0,1,3/21/2014,30,479,0
2186,1977,2n Cycle,Together,82326,0,0,10-03-2014,30,938,1
10548,1995,Graduation,Single,71163,0,0,09-03-2014,30,283,0
6384,1978,Graduation,Divorced,71022,0,1,11-02-2014,30,909,0
2625,1954,2n Cycle,Single,42607,0,1,11/17/2013,30,156,0
1676,1975,Graduation,Married,43057,0,1,10/30/2013,30,213,0
5534,1975,Master,Married,47808,0,1,10/20/2013,30,123,0
6859,1987,Graduation,Single,29236,1,0,08-10-2013,30,37,0
271,1969,Graduation,Widow,40590,1,1,02-10-2013,30,154,0
7699,1969,Graduation,Widow,40590,1,1,02-10-2013,30,154,0
7832,1959,Master,Married,77520,0,1,8/28/2013,30,940,1
938,1981,Graduation,Married,40211,1,1,7/30/2013,30,51,0
7873,1973,PhD,Together,63516,1,1,06-07-2013,30,141,0
9967,1974,Graduation,Divorced,53034,1,1,5/30/2013,30,160,0
1087,1975,Master,Together,22669,1,0,5/22/2013,30,16,1
8314,1982,Graduation,Married,79908,0,0,05-04-2013,30,557,0
3762,1986,PhD,Single,69867,0,0,02-04-2013,30,196,1
10383,1966,Graduation,Divorced,70287,0,0,02-04-2013,30,295,1
6798,1966,Graduation,Single,37070,1,1,3/20/2013,30,231,1
4168,1966,Graduation,Single,37070,1,1,3/20/2013,30,231,1
6690,1966,Master,Married,38179,1,1,3/14/2013,30,38,0
10602,1983,Graduation,Married,39922,1,0,2/14/2013,30,29,0
3220,1983,Graduation,Married,39922,1,0,2/14/2013,30,29,0
5424,1983,Graduation,Married,39922,1,0,2/14/2013,30,29,0
7488,1963,Master,Single,64191,0,1,1/22/2013,30,420,0
5289,1975,2n Cycle,Single,41658,1,1,09-11-2012,30,8,0
347,1976,Graduation,Divorced,40780,0,1,08-09-2012,30,229,0
5236,1979,Graduation,Together,77568,0,1,8/25/2012,30,1230,0
9478,1985,Graduation,Single,66503,1,0,8/14/2012,30,91,0
477,1986,Graduation,Married,83512,0,0,6/17/2014,31,1060,1
7411,1964,PhD,Married,31686,1,1,05-06-2014,31,11,0
3107,1976,Graduation,Together,71322,0,1,02-05-2014,31,121,0
7437,1988,Graduation,Single,27938,1,0,4/28/2014,31,13,0
255,1951,Graduation,Divorced,22263,1,1,3/30/2014,31,17,0
3790,1956,Graduation,Together,34633,2,1,1/23/2014,31,8,0
749,1981,Graduation,Together,42162,1,0,11/19/2013,31,46,1
1503,1976,PhD,Together,162397,1,1,03-06-2013,31,85,0
8650,1978,Graduation,Widow,54162,1,1,3/18/2013,31,5,0
607,1955,2n Cycle,Divorced,41769,0,1,2/13/2013,31,302,0
1008,1981,PhD,Together,44953,0,0,12/21/2012,31,728,0
9396,1978,PhD,Married,37717,1,0,11/23/2012,31,9,0
933,1978,PhD,Married,37717,1,0,11/23/2012,31,9,0
5710,1970,Graduation,Together,40548,0,1,10-10-2012,31,110,0
2882,1975,2n Cycle,Divorced,67893,0,1,01-10-2012,31,711,0
2379,1953,Graduation,Single,69267,0,0,9/22/2012,31,778,1
5342,1976,Basic,Divorced,9548,1,0,08-08-2012,31,0,0
3262,1958,Graduation,Single,68281,0,0,07-08-2012,31,995,1
5832,1960,2n Cycle,Together,92556,0,0,4/20/2014,32,493,0
5025,1979,Graduation,Single,48526,1,0,12/24/2013,32,23,0
569,1991,Graduation,Single,90273,0,0,12/14/2013,32,704,1
3102,1981,2n Cycle,Together,19414,1,0,10/16/2013,32,2,0
9449,1958,PhD,Single,79761,0,1,04-10-2013,32,415,0
8104,1951,PhD,Married,53312,0,0,09-08-2013,32,241,0
75,1982,2n Cycle,Together,41039,0,0,7/25/2013,32,34,0
6421,1961,Graduation,Together,88347,0,0,03-07-2013,32,1050,0
3037,1983,PhD,Married,50150,0,0,6/20/2013,32,135,0
4698,1983,PhD,Married,50150,0,0,6/20/2013,32,135,0
948,1971,Graduation,Single,10245,1,0,5/15/2013,32,4,0
6177,1985,PhD,Married,33454,1,0,08-05-2013,32,76,0
3517,1952,Graduation,Single,40887,1,1,06-05-2013,32,50,1
3491,1975,Graduation,Together,55914,0,1,4/29/2013,32,384,0
7610,1983,Graduation,Together,37292,1,0,4/18/2013,32,275,0
4377,1971,Graduation,Married,52914,0,1,07-01-2013,32,254,0
9850,1972,2n Cycle,Married,24884,1,0,11/29/2012,32,3,0
5544,1970,Graduation,Single,67384,0,1,10-11-2012,32,957,0
6497,1960,Graduation,Married,51651,0,1,07-11-2012,32,293,0
4543,1980,Graduation,Married,82497,0,0,10/31/2012,32,777,0
5117,1963,2n Cycle,Married,32632,0,0,02-08-2012,32,63,0
1448,1963,Master,Married,33562,1,2,6/25/2014,33,21,0
6887,1967,Graduation,Single,79146,1,1,4/24/2014,33,245,0
7500,1967,Graduation,Single,79146,1,1,4/24/2014,33,245,0
2724,1981,Master,Single,36143,1,0,3/30/2014,33,12,0
2256,1973,Master,Married,27159,1,1,3/29/2014,33,17,0
1100,1960,Master,Together,41275,1,2,3/24/2014,33,24,0
7725,1965,2n Cycle,Married,76800,0,0,08-03-2014,33,173,0
2612,1987,Graduation,Married,75794,0,0,12/24/2013,33,754,0
113,1951,Graduation,Married,30833,1,1,7/16/2013,33,11,0
2868,1949,PhD,Single,26518,1,1,08-04-2013,33,20,1
4216,1981,Graduation,Single,91065,0,0,2/22/2013,33,822,1
199,1962,Master,Single,45183,0,0,1/20/2013,33,219,0
359,1950,Graduation,Together,48070,0,1,1/13/2013,33,373,0
8842,1971,Graduation,Widow,30372,1,1,12/25/2012,33,15,0
2154,1971,Graduation,Widow,30372,1,1,12/25/2012,33,15,0
6050,1975,2n Cycle,Married,57036,0,1,11-12-2012,33,1171,0
9204,1970,Graduation,Widow,66731,0,1,12-09-2012,33,371,0
4472,1970,PhD,Divorced,35682,1,0,6/27/2014,34,23,0
6864,1989,Master,Divorced,10979,0,0,5/22/2014,34,8,0
10617,1989,Master,Divorced,10979,0,0,5/22/2014,34,8,0
3924,1965,PhD,Divorced,57912,0,1,3/17/2014,34,801,0
5654,1972,Graduation,Married,36026,2,1,3/16/2014,34,20,0
9216,1971,Graduation,Married,35788,1,1,1/23/2014,34,23,0
8086,1959,Graduation,Married,42243,1,1,11-12-2013,34,48,0
9097,1956,Graduation,Divorced,46086,0,1,03-11-2013,34,244,0
7631,1978,Master,Together,61346,1,0,06-10-2013,34,562,0
7275,1971,Master,Single,33316,1,1,04-10-2013,34,79,0
8334,1971,Master,Single,33316,1,1,04-10-2013,34,79,0
1987,1987,Basic,Single,21063,1,0,9/25/2013,34,1,0
2281,1970,Graduation,Single,33697,1,0,9/15/2013,34,4,0
7034,1978,2n Cycle,Married,25804,1,0,01-09-2013,34,8,0
2797,1977,Graduation,Married,72117,0,1,8/20/2013,34,707,0
3934,1966,Graduation,Married,61286,0,1,02-08-2013,34,356,0
2493,1966,Graduation,Married,61286,0,1,02-08-2013,34,356,0
3759,1958,Graduation,Together,65196,0,2,7/25/2013,34,743,0
965,1971,Graduation,Divorced,55635,0,1,11/13/2012,34,235,0
7378,1981,Master,Together,42021,1,0,8/31/2012,34,393,0
1859,1972,Master,Married,75251,0,0,8/27/2012,34,721,1
6263,1968,Graduation,Together,35322,1,2,8/22/2012,34,28,0
2072,1969,PhD,Together,53374,0,1,8/16/2012,34,896,1
8908,1959,Graduation,Married,87195,0,0,08-05-2014,35,217,1
738,1981,2n Cycle,Single,42395,1,1,04-04-2014,35,48,0
10129,1966,Graduation,Together,82427,0,0,12-03-2014,35,482,0
807,1969,Master,Together,44602,1,1,2/15/2014,35,167,0
3334,1951,Graduation,Married,94642,0,0,12-02-2014,35,879,0
5423,1983,Graduation,Together,28359,1,0,10/27/2013,35,6,0
4426,1975,Graduation,Single,55801,1,1,9/22/2013,35,367,0
10489,1973,Graduation,Married,92955,0,0,8/19/2013,35,693,1
2570,1968,Graduation,Together,56534,0,1,7/23/2013,35,691,1
3834,1962,Graduation,Single,69627,0,1,3/17/2013,35,231,0
590,1970,Master,Divorced,78579,0,0,12/22/2012,35,816,1
4791,1980,Graduation,Together,44964,1,1,12/16/2012,35,19,0
5304,1974,PhD,Single,30899,1,0,10/13/2012,35,24,0
2426,1964,PhD,Divorced,78825,0,0,9/14/2012,35,483,1
35,1987,Graduation,Married,25545,1,0,08-09-2012,35,32,1
8041,1971,PhD,Widow,47111,0,1,08-09-2012,35,595,0
3584,1955,PhD,Single,49667,0,0,8/20/2012,35,1181,1
7718,1947,Master,Together,66000,0,0,4/20/2014,36,244,0
8605,1964,PhD,Together,46910,1,1,3/23/2014,36,48,0
1646,1972,Basic,Married,25224,1,0,3/16/2014,36,4,0
9206,1968,Graduation,Together,77382,0,1,07-01-2014,36,491,0
10757,1967,PhD,Divorced,28420,1,0,12/24/2013,36,4,0
6885,1977,Graduation,Divorced,32952,1,0,01-12-2013,36,38,0
907,1975,Graduation,Married,46149,0,1,11/29/2013,36,254,0
1150,1899,PhD,Together,83532,0,0,9/26/2013,36,755,0
3867,1947,PhD,Together,73059,0,1,8/31/2013,36,410,0
3859,1947,PhD,Together,73059,0,1,8/31/2013,36,410,0
3265,1959,Graduation,Married,35701,0,0,3/19/2013,36,21,0
4418,1983,Master,Single,89616,0,0,2/25/2013,36,671,1
4611,1970,Graduation,Together,105471,0,0,1/21/2013,36,1009,1
4530,1948,Master,Widow,78427,0,0,10/24/2012,36,972,1
7736,1986,Graduation,Married,22518,1,0,10/22/2012,36,11,1
9949,1976,Graduation,Married,59809,0,2,10/18/2012,36,598,0
942,1982,Graduation,Single,39660,1,0,08-08-2012,36,139,1
6181,1950,2n Cycle,Together,52203,0,0,7/31/2012,36,488,0
7660,1973,PhD,Alone,35860,1,1,5/19/2014,37,15,1
2055,1973,PhD,Divorced,35860,1,1,5/19/2014,37,15,0
5107,1973,PhD,Divorced,35860,1,1,5/19/2014,37,15,0
1626,1973,PhD,Divorced,35860,1,1,5/19/2014,37,15,1
6428,1950,PhD,Widow,76842,0,0,03-05-2014,37,605,0
9617,1951,Graduation,Single,15033,0,0,4/16/2014,37,0,0
4339,1970,PhD,Married,67353,0,1,12/31/2013,37,702,0
7235,1975,2n Cycle,Married,17003,1,0,09-12-2013,37,2,0
8527,1965,Master,Together,65735,1,1,07-12-2013,37,239,0
1968,1971,Graduation,Widow,45684,1,0,02-12-2013,37,5,0
9862,1969,Graduation,Together,21918,1,0,11/14/2013,37,1,0
11075,1978,Graduation,Married,51267,1,1,10/29/2013,37,183,0
6658,1972,Graduation,Together,59868,0,1,7/22/2013,37,771,0
4552,1991,Graduation,Married,51373,0,0,6/22/2013,37,83,0
10377,1958,Master,Together,46692,0,1,06-06-2013,37,170,0
5336,1971,Master,Together,157733,1,0,04-06-2013,37,39,0
10350,1950,PhD,Married,54432,2,1,09-05-2013,37,33,0
11071,1984,Graduation,Single,79607,0,0,4/21/2013,37,450,1
11100,1972,Graduation,Divorced,51813,1,1,11-04-2013,37,51,0
6516,1989,Basic,Married,17487,1,0,3/18/2013,37,0,0
1734,1968,PhD,Together,40706,2,1,1/17/2013,37,59,0
2131,1959,PhD,Divorced,62859,0,1,12/30/2012,37,1063,0
6439,1958,Graduation,Married,61074,0,1,8/17/2012,37,789,0
10591,1969,Graduation,Widow,43638,0,1,06-08-2012,37,63,0
9797,1956,Graduation,Married,58116,0,1,4/13/2014,38,228,0
9336,1969,PhD,Widow,62187,0,1,3/22/2014,38,512,0
2174,1954,Graduation,Single,46344,1,1,08-03-2014,38,11,0
3197,1980,Graduation,Married,77353,0,1,12/16/2013,38,275,0
9185,1966,PhD,Single,69759,0,0,10/28/2013,38,452,1
905,1986,Graduation,Divorced,21846,1,0,10/22/2013,38,7,0
10858,1975,Graduation,Together,76532,1,1,09-09-2013,38,355,0
8925,1965,Master,Married,70053,0,1,03-07-2013,38,512,0
2499,1958,2n Cycle,Single,75342,0,1,06-05-2013,38,204,0
1109,1982,Master,Together,27590,1,0,4/23/2013,38,6,0
326,1973,Graduation,Married,51148,1,1,2/18/2013,38,235,0
10967,1963,Graduation,Divorced,33378,1,1,06-02-2013,38,33,0
5370,1973,PhD,Married,32644,1,0,1/16/2013,38,239,0
2098,1969,PhD,Married,33581,2,0,08-01-2013,38,11,0
1773,1978,2n Cycle,Married,12393,0,0,04-12-2012,38,5,0
5036,1984,PhD,Single,42710,1,0,11/28/2012,38,252,0
4856,1957,2n Cycle,Married,82347,0,0,06-11-2012,38,556,0
8722,1957,2n Cycle,Married,82347,0,0,06-11-2012,38,556,1
2156,1955,PhD,Married,22554,1,1,03-11-2012,38,27,0
2569,1987,Graduation,Married,17323,0,0,10-10-2012,38,3,0
10151,1960,Graduation,Divorced,62204,0,2,12-09-2012,38,317,0
10473,1956,PhD,Widow,78028,0,1,10-09-2012,38,158,1
7079,1962,Graduation,Divorced,63887,0,1,08-09-2012,38,897,0
6875,1965,PhD,Together,32727,0,0,8/28/2012,38,167,0
6728,1985,Graduation,Together,29103,1,0,8/27/2012,38,16,0
2471,1965,Graduation,Married,61482,0,0,6/27/2014,39,48,0
49,1970,Graduation,Single,20587,1,0,11-05-2014,39,2,0
4973,1970,Graduation,Single,20587,1,0,11-05-2014,39,2,0
6387,1976,PhD,Together,52190,1,1,08-05-2014,39,42,0
5866,1974,Graduation,Together,48186,1,0,3/20/2014,39,97,0
8523,1968,Graduation,Married,19329,1,0,12/14/2013,39,24,0
7901,1971,Master,Married,34109,0,1,06-11-2013,39,9,0
898,1986,Graduation,Married,23477,1,0,10/21/2013,39,38,0
10242,1966,PhD,Together,47472,1,1,9/16/2013,39,56,0
5835,1976,PhD,Divorced,14849,1,0,02-07-2013,39,21,0
6919,1978,2n Cycle,Married,26224,1,0,04-06-2013,39,4,0
6197,1962,PhD,Single,27238,1,1,4/20/2013,39,37,0
10475,1970,Master,Together,,0,1,01-04-2013,39,187,0
4201,1962,Graduation,Single,57967,0,1,03-03-2013,39,229,0
5092,1949,PhD,Widow,51569,0,1,12-02-2013,39,380,1
6566,1954,PhD,Married,72550,1,1,08-11-2012,39,826,0
6613,1970,Master,Married,44511,1,0,12-10-2012,39,513,0
9094,1955,2n Cycle,Married,62972,0,1,03-08-2012,39,313,1
9847,1955,2n Cycle,Married,62972,0,1,03-08-2012,39,313,0
10767,1989,PhD,Together,77845,0,0,5/16/2014,40,760,0
7943,1975,PhD,Married,36663,1,0,4/25/2014,40,18,0
1055,1976,Master,Married,53204,1,1,3/20/2014,40,29,0
1458,1982,Master,Married,21059,1,0,07-01-2014,40,8,0
8402,1953,Master,Married,67087,0,1,12/17/2013,40,329,0
6246,1953,Graduation,Single,73892,0,0,11/13/2013,40,703,1
4654,1992,Graduation,Together,75114,0,0,07-11-2013,40,571,0
6103,1948,Graduation,Married,42192,0,0,06-09-2013,40,40,0
8147,1960,Graduation,Married,31454,1,1,06-07-2013,40,28,0
10207,1978,Graduation,Together,22775,1,0,6/19/2013,40,5,0
4838,1978,Graduation,Together,22775,1,0,6/19/2013,40,5,0
10219,1972,Graduation,Together,31590,1,0,6/18/2013,40,6,0
2176,1972,Graduation,Married,80134,1,0,5/20/2013,40,1218,1
9121,1972,Graduation,Married,80134,1,0,5/20/2013,40,1218,1
5802,1972,Basic,Married,14188,0,0,2/28/2013,40,2,0
10790,1985,PhD,Married,18169,1,0,2/19/2013,40,9,0
178,1956,Graduation,Married,62503,0,1,2/18/2013,40,478,0
2308,1954,Graduation,Married,46734,0,1,11/18/2012,40,110,0
7431,1991,PhD,Single,68126,0,0,10-11-2012,40,1332,1
9405,1954,PhD,Married,52869,1,1,10/15/2012,40,84,1
10525,1986,Graduation,Single,26576,1,0,10/13/2012,40,10,1
7503,1976,Graduation,Single,75825,0,0,12-10-2012,40,1032,1
8783,1950,Graduation,Married,57045,0,1,08-09-2012,40,296,0
1403,1975,2n Cycle,Together,34984,1,1,06-09-2012,40,8,0
4643,1973,Graduation,Married,27803,1,0,8/26/2012,40,8,0
3463,1975,PhD,Married,69283,0,1,6/14/2014,41,674,0
4055,1992,Basic,Single,18746,1,0,5/29/2014,41,2,0
7010,1965,2n Cycle,Married,70924,0,0,07-04-2014,41,635,0
4767,1965,2n Cycle,Married,70924,0,0,07-04-2014,41,635,0
1927,1973,2n Cycle,Together,69401,0,1,3/23/2014,41,399,0
437,1976,Master,Divorced,75012,0,0,1/25/2014,41,294,0
4331,1978,Master,Together,85738,0,0,1/23/2014,41,913,0
4084,1975,Graduation,Together,60934,0,1,1/17/2014,41,224,0
8135,1986,Master,Married,27161,1,0,10/28/2013,41,7,0
9750,1961,PhD,Divorced,64325,0,1,07-02-2013,41,731,0
6682,1973,Basic,Married,18978,1,0,11-12-2012,41,2,0
10581,1977,Graduation,Married,41124,1,0,10/31/2012,41,281,0
3710,1984,PhD,Single,39684,1,0,12-10-2012,41,19,1
5207,1963,PhD,Married,53378,1,1,9/24/2012,41,489,1
9360,1982,Graduation,Married,37040,0,0,08-08-2012,41,86,0
4679,1977,Master,Married,78710,0,1,5/23/2014,42,721,0
1340,1986,Graduation,Married,92910,0,0,4/24/2014,42,551,0
10839,1976,Graduation,Together,36283,1,1,4/14/2014,42,6,0
5303,1974,PhD,Together,79632,0,0,08-04-2014,42,471,0
9829,1978,Graduation,Together,28587,1,0,12-02-2014,42,22,0
10469,1981,Graduation,Together,88325,0,0,05-02-2014,42,519,0
3602,1958,Master,Married,51412,0,1,12/31/2013,42,140,0
4756,1952,2n Cycle,Divorced,63998,0,0,12/20/2013,42,176,1
8181,1978,2n Cycle,Single,38593,1,0,9/13/2013,42,51,0
6958,1977,Master,Married,27889,1,0,05-07-2013,42,14,0
10856,1980,2n Cycle,Single,45889,0,1,02-07-2013,42,31,0
3321,1967,PhD,Together,56575,0,2,05-05-2013,42,421,0
5394,1979,Basic,Single,16014,1,1,3/17/2013,42,3,0
433,1958,Master,Alone,61331,1,1,10-03-2013,42,534,0
6320,1976,Master,Single,70893,0,0,06-02-2013,42,768,0
5376,1979,Graduation,Married,2447,1,0,06-01-2013,42,1,0
1867,1957,Graduation,Single,64849,0,0,11/13/2012,42,652,1
4324,1989,Graduation,Married,42387,1,0,10/29/2012,42,235,0
3661,1995,2n Cycle,Single,80617,0,0,12-10-2012,42,594,0
521,1985,Graduation,Together,54006,1,0,9/18/2012,42,174,0
10403,1978,Graduation,Together,16531,1,0,6/18/2014,43,2,0
7186,1966,PhD,Together,30843,1,1,5/26/2014,43,24,0
4329,1984,PhD,Married,18988,1,0,5/23/2014,43,6,0
4394,1965,PhD,Married,81051,0,0,5/23/2014,43,1142,0
1717,1988,Graduation,Single,39747,1,0,4/13/2014,43,80,0
1016,1959,PhD,Single,34554,0,1,3/30/2014,43,41,0
3783,1959,PhD,Married,52854,1,1,3/24/2014,43,105,0
5848,1970,Graduation,Together,81205,0,0,1/13/2014,43,724,1
10727,1970,PhD,Married,69084,1,0,11/19/2013,43,1181,0
5299,1970,PhD,Married,69084,1,0,11/19/2013,43,1181,0
6872,1974,PhD,Married,65352,0,1,8/21/2013,43,284,0
1143,1972,Graduation,Married,22063,1,0,08-08-2013,43,7,0
10381,1979,Graduation,Single,47691,0,1,05-07-2013,43,14,0
11007,1968,PhD,Married,29187,1,0,09-05-2013,43,26,0
9145,1972,Graduation,Single,72504,0,1,06-04-2013,43,604,0
5267,1970,Graduation,Divorced,33986,1,0,3/14/2013,43,16,0
9738,1986,Master,Together,42386,1,0,1/13/2013,43,65,0
10212,1986,Master,Together,42386,1,0,1/13/2013,43,65,0
10010,1953,PhD,Divorced,36957,1,1,06-09-2012,43,100,1
10069,1988,Basic,Together,13724,1,0,8/31/2012,43,2,0
2694,1967,Graduation,Married,42664,0,1,3/18/2014,44,21,0
10613,1958,PhD,Together,37334,1,1,2/26/2014,44,26,0
4646,1951,2n Cycle,Married,78497,0,0,01-12-2013,44,207,0
6935,1951,2n Cycle,Married,78497,0,0,01-12-2013,44,207,0
5596,1956,2n Cycle,Together,58821,0,1,12-10-2013,44,513,0
1044,1953,Graduation,Together,58398,0,0,5/14/2013,44,299,0
9274,1961,Master,Married,80950,0,0,3/28/2013,44,525,0
9076,1980,PhD,Married,30732,1,0,05-01-2013,44,155,0
4947,1966,2n Cycle,Single,89572,0,0,9/15/2012,44,606,1
10176,1968,Graduation,Single,57107,0,1,8/24/2012,44,159,1
3507,1970,Graduation,Single,76467,1,0,8/17/2012,44,676,1
9235,1957,Graduation,Single,,1,1,5/27/2014,45,7,0
10341,1948,Graduation,Together,51315,0,0,2/23/2014,45,68,0
2639,1966,Graduation,Single,43602,1,1,10-01-2014,45,19,0
